customer_id,age,gender,income,employment_type,loan_amount,loan_tenure,credit_score,existing_debt,city,account_balance,transaction_count,defaulted
1001,44,0,70466,0,747640,8,678,147938,7,457072,39,0
1002,38,1,52627,1,1176523,17,659,449640,3,430464,125,1
1003,29,1,145999,1,848986,6,523,139648,3,21442,6,1
1004,53,0,85976,1,588719,16,610,116950,4,459395,98,0
1005,59,0,100820,0,704122,20,713,174909,6,470811,113,0
1006,54,1,27815,0,1212398,6,667,203733,2,495071,148,1
1007,56,1,112194,1,957535,3,673,164803,2,389411,32,0
1008,53,1,81538,0,1056843,8,833,314358,6,64356,65,1
1009,25,0,27292,1,324906,9,526,397677,6,235014,113,1
1010,39,0,34203,1,1265385,18,781,218953,1,363331,116,1
1011,25,0,83383,0,794343,10,723,350511,4,106862,50,0
1012,31,1,65392,1,926810,17,567,137837,3,307766,142,1
1013,41,1,27583,0,1461750,15,551,490750,6,140715,127,1
1014,44,0,35136,1,838170,15,463,29648,7,394841,57,1
1015,45,0,123022,0,333397,8,822,14961,7,361988,50,0
1016,28,1,89776,0,790348,4,822,323241,1,267527,126,0
1017,35,1,66893,1,456469,2,545,481256,4,154142,48,1
1018,35,1,141875,0,824301,3,481,460547,6,285389,70,1
1019,46,0,125152,1,358600,20,477,414617,3,95836,31,1
1020,37,0,114503,1,170654,17,549,311515,4,197583,131,1
1021,48,1,45595,1,1003313,7,583,385450,6,223474,113,1
1022,44,1,40650,1,135956,3,563,313506,2,284758,56,1
1023,59,1,101211,1,861999,19,490,366588,4,324418,123,1
1024,45,0,105134,0,518450,18,668,452925,1,490219,121,0
1025,52,0,61456,0,771731,1,821,49700,7,295047,69,0
1026,58,1,102445,1,1247931,12,495,40068,4,21579,45,1
1027,33,1,103435,0,1402645,7,482,461197,3,40984,121,1
1028,48,1,57888,0,1374272,13,829,285544,5,63714,59,1
1029,22,0,135585,1,324651,3,577,142217,4,432300,32,1
1030,27,1,93386,0,1128293,17,806,297851,7,362150,107,1
1031,28,0,32302,0,576541,12,788,319299,6,224221,48,1
1032,35,1,41836,0,517385,14,755,328360,4,98686,71,0
1033,39,1,104730,1,92441,20,801,102054,7,188395,42,0
1034,23,0,33561,1,1396125,5,478,184602,6,434318,144,1
1035,41,1,58450,0,1448124,3,760,51617,7,5784,82,0
1036,40,1,109308,0,295727,4,518,156435,6,158688,94,1
1037,43,1,76283,0,185745,18,656,263138,1,138204,128,0
1038,57,0,57001,0,296430,2,792,80670,5,198806,48,0
1039,33,0,71969,1,441164,19,626,38999,1,498916,94,0
1040,51,0,61593,1,1266099,13,606,410226,5,54461,102,1
1041,30,1,37587,0,529565,19,831,383746,6,362467,121,1
1042,21,1,123414,1,721630,15,585,73925,6,449964,34,1
1043,34,1,107816,0,1451964,15,619,52785,2,126430,14,0
1044,21,0,69658,1,1169184,11,639,405613,4,388672,72,1
1045,29,0,92897,0,190484,19,793,378826,7,110426,66,0
1046,37,1,121069,0,937048,7,847,256352,1,279621,22,1
1047,27,0,130755,1,1487358,2,774,206703,3,266969,74,1
1048,56,0,110654,0,299132,4,833,419406,0,375991,129,0
1049,27,1,44548,0,265547,9,741,277386,1,159942,8,0
1050,56,1,53189,1,602629,12,594,335908,0,197716,130,1
1051,41,1,104971,0,1230943,11,645,144048,7,57094,26,0
1052,36,0,68629,1,306179,13,548,300759,4,48300,36,1
1053,46,1,67935,1,254007,9,474,30399,7,128102,129,1
1054,33,0,97891,0,1040461,18,558,283257,2,426153,26,1
1055,23,0,136705,1,886088,16,673,111594,7,247671,134,0
1056,41,1,106375,1,603576,6,627,108584,0,278741,13,0
1057,23,0,62419,0,871735,5,726,127537,2,25909,80,0
1058,34,1,42284,1,928724,6,554,451693,0,28631,9,1
1059,43,0,112004,0,1138762,11,736,224382,3,283226,127,1
1060,28,1,59316,1,290604,7,689,231506,3,63679,41,0
1061,21,1,34349,0,1456833,10,542,447045,4,412970,31,1
1062,51,0,35729,0,609983,2,735,414682,0,227750,76,1
1063,35,0,33931,0,1306961,15,714,9164,5,22057,104,1
1064,32,0,47908,1,948425,1,691,431164,5,470525,92,1
1065,59,1,83658,1,1483569,15,504,469977,3,78851,102,1
1066,43,0,88684,1,163403,19,730,87540,6,309401,16,0
1067,55,0,130459,1,1484927,12,478,37113,6,251054,55,1
1068,58,1,62677,1,1365693,3,493,330647,4,358961,76,1
1069,35,1,44621,0,245870,2,464,175795,4,399470,33,1
1070,45,0,32458,1,1239245,16,526,143726,6,37456,39,1
1071,43,0,88156,0,778054,16,609,423457,3,466110,118,0
1072,58,1,76278,0,737836,6,575,32082,0,230613,112,1
1073,26,1,91029,1,822175,9,583,74015,1,97080,131,1
1074,41,1,55923,0,894569,18,647,463617,6,69000,72,1
1075,35,1,115378,0,236663,15,511,435792,5,399583,16,1
1076,48,0,132285,1,387474,19,761,170011,4,114836,134,0
1077,39,0,135436,0,757830,16,813,224159,3,113670,116,0
1078,51,1,27308,0,561066,15,504,421263,4,170609,24,1
1079,28,0,135437,0,567594,14,540,105872,0,155989,88,1
1080,29,0,125247,1,756243,17,462,216699,3,370787,120,1
1081,38,1,63209,0,1370582,3,515,458671,7,90121,133,1
1082,49,0,60401,0,1416350,13,624,397862,3,40956,118,1
1083,22,1,84963,1,155275,16,535,489586,1,20382,136,1
1084,27,1,25947,1,149264,5,715,278620,6,159939,22,1
1085,59,1,106286,0,92615,3,764,30380,3,442611,26,0
1086,45,0,114310,0,1335952,13,746,186078,3,279960,104,0
1087,49,0,114948,1,452144,10,793,53226,0,155232,56,0
1088,32,1,132536,1,1255347,20,570,167869,5,447957,90,1
1089,41,0,120273,1,209908,5,847,479496,1,147175,73,0
1090,36,0,77872,1,552329,1,491,164054,0,127295,138,1
1091,56,0,142867,1,560460,20,526,334889,6,458473,63,1
1092,40,1,47908,1,1487363,16,840,473712,7,250026,103,1
1093,54,0,31909,1,141505,2,719,113424,6,66686,96,0
1094,33,0,96738,1,1080028,6,588,480782,3,255795,42,1
1095,58,1,140790,0,147070,2,640,469232,0,440107,14,0
1096,51,1,39898,0,1257979,16,833,269285,4,19156,116,1
1097,32,1,121121,0,971954,4,542,352852,5,127838,127,1
1098,57,0,126852,0,463522,5,666,286238,6,153111,13,0
1099,41,0,93325,1,308361,3,533,421188,1,34787,30,1
1100,47,0,114318,1,1065524,10,727,296392,6,31627,75,1
1101,33,0,147970,0,314552,4,531,447957,5,37179,100,1
1102,40,0,89725,0,1498672,17,824,337411,4,121750,117,1
1103,45,1,65319,0,1303097,7,450,431183,1,259361,5,1
1104,46,1,102854,1,255537,15,586,143260,7,497034,53,1
1105,41,0,136386,1,579448,10,595,100879,0,221741,127,1
1106,57,1,106412,1,1115610,20,517,55030,6,202520,82,1
1107,32,0,108271,1,975544,3,650,331754,7,303678,116,1
1108,24,1,141239,1,1242588,6,705,310421,0,221855,146,1
1109,28,1,134862,1,1257356,15,748,446174,3,439012,69,1
1110,23,0,133649,0,678525,20,454,293419,1,301972,52,1
1111,34,0,114042,0,692722,8,671,215129,4,362591,90,0
1112,60,1,36049,0,1159578,6,456,227593,2,463394,133,1
1113,22,1,37454,0,1185324,9,834,99536,4,287293,67,1
1114,32,0,97207,0,1415189,14,497,323744,6,148454,41,1
1115,53,1,108004,1,911967,18,680,196166,6,249182,98,0
1116,54,0,91714,0,1477517,14,526,348539,0,113146,101,1
1117,59,0,94401,1,618972,16,457,310583,1,179643,102,1
1118,53,0,76914,0,705244,9,775,297537,1,448390,37,0
1119,35,0,133886,1,294455,10,452,197106,7,85390,125,1
1120,49,0,110067,1,375090,13,768,97899,3,376980,43,0
1121,60,0,146262,1,50571,14,766,297738,3,404982,133,0
1122,40,1,36506,1,373125,10,624,436397,7,136807,137,1
1123,27,0,139425,1,478928,7,617,258038,0,124439,92,0
1124,28,0,120651,0,1141012,3,649,243515,4,334572,147,1
1125,42,1,28606,1,403338,18,596,12165,2,491316,90,1
1126,33,1,147743,1,778360,3,603,183320,4,273934,77,0
1127,53,0,52759,0,649612,20,461,403340,2,432012,129,1
1128,23,1,53479,1,1246965,12,616,348107,5,301260,148,1
1129,38,1,117407,0,362413,14,565,182754,6,348649,87,1
1130,40,0,147847,1,1158240,14,831,245030,3,244863,116,1
1131,48,1,90871,1,389138,4,488,273177,2,28617,29,1
1132,26,0,73696,0,697261,16,847,74093,7,89693,21,0
1133,53,0,60477,1,601994,9,710,434446,1,23535,117,0
1134,60,0,108310,1,727442,8,712,483026,1,349635,27,0
1135,48,0,84813,1,654826,11,456,71691,6,146240,119,1
1136,45,0,146954,0,1080876,19,841,208983,0,405909,85,1
1137,60,1,35360,0,1372438,2,823,201093,4,259199,10,1
1138,59,1,85182,1,1159673,11,596,453847,2,9309,133,1
1139,35,0,89422,0,646742,14,829,416799,2,430182,43,0
1140,54,1,32550,1,798405,3,719,129970,3,295827,27,0
1141,45,1,135405,0,846634,20,795,226514,6,229769,105,1
1142,46,0,48246,1,312629,8,742,387029,6,140464,149,0
1143,27,0,30379,0,292160,20,768,268810,4,168061,126,1
1144,22,0,35542,0,631261,10,665,428112,3,111769,122,1
1145,37,1,92414,1,734825,15,729,139365,4,85428,39,0
1146,42,1,103255,1,561639,2,847,203139,5,40223,18,0
1147,33,0,84861,0,768900,1,520,434971,2,269663,19,1
1148,22,0,68683,0,871683,5,802,330304,1,250793,68,1
1149,46,1,103194,1,1418341,11,548,207808,5,290572,91,1
1150,54,0,74196,0,1099179,4,543,239453,4,244143,97,1
1151,22,1,42824,0,919037,12,491,477944,5,178714,61,1
1152,59,0,147872,0,192352,12,772,203604,0,466173,103,0
1153,47,1,31773,1,51508,4,581,172416,5,359690,29,1
1154,38,0,56171,1,1404495,20,724,312653,4,338694,32,1
1155,29,0,81137,1,923969,4,844,382236,3,239379,111,1
1156,42,1,145128,1,841290,20,554,371245,7,331733,110,1
1157,40,0,117155,1,1166470,17,508,346145,3,43909,83,1
1158,21,1,28751,1,1386935,14,751,456846,7,246659,104,1
1159,26,1,84899,0,906196,14,618,382587,5,320477,102,1
1160,42,1,31013,1,561288,1,535,35594,7,58760,117,1
1161,58,1,30788,0,1011729,2,830,323641,2,263106,112,1
1162,39,1,44001,1,1302785,8,825,464017,5,432508,141,1
1163,45,1,57286,0,1306042,5,626,227466,3,82272,37,1
1164,53,1,80511,1,58546,5,705,288105,3,305695,40,0
1165,47,1,127662,1,169804,13,837,207655,4,210311,75,0
1166,37,1,109401,1,1371664,7,562,73995,3,493239,15,1
1167,37,0,121269,1,1344223,8,743,361959,7,377545,91,1
1168,29,1,131495,0,1118810,10,614,186096,0,101281,62,0
1169,30,1,86723,0,678947,2,597,420265,5,423119,128,1
1170,50,0,109644,0,655777,2,833,39275,6,350392,69,0
1171,40,1,54146,0,252158,2,534,455320,3,195640,83,1
1172,28,0,72979,1,78517,11,827,491472,6,149793,49,0
1173,30,1,69350,1,874152,1,498,372371,2,251536,61,1
1174,32,0,87487,0,336130,2,656,149003,7,37945,135,0
1175,47,1,60849,0,763167,17,467,272993,4,446476,68,1
1176,44,0,99132,0,1493497,15,776,398633,7,415088,133,1
1177,39,0,28263,1,327746,1,630,334708,5,416730,44,1
1178,46,0,40635,1,1256975,16,835,328038,5,415741,41,1
1179,51,0,80543,1,294128,20,567,428821,1,312785,105,1
1180,42,0,47827,1,516274,8,541,37451,1,349869,111,1
1181,53,0,123723,1,852893,2,473,190218,3,118628,49,1
1182,22,0,51918,0,1223406,11,648,416824,7,143423,9,1
1183,32,1,148550,0,598102,10,468,448085,3,32925,110,1
1184,60,1,69287,0,786985,11,697,328914,3,89667,136,0
1185,53,1,67512,1,138806,12,512,66109,7,136841,124,1
1186,48,1,93240,1,743952,14,842,277795,6,251275,5,0
1187,21,0,98702,0,427288,1,839,357288,1,322437,21,0
1188,21,0,105964,1,875177,16,560,395387,5,178055,7,1
1189,40,0,130983,0,1319032,14,835,83471,3,69988,144,0
1190,38,1,136133,0,1428019,14,785,489632,7,166112,115,1
1191,59,1,149044,1,1143912,3,650,154340,2,120407,16,0
1192,33,1,52164,0,957014,11,493,147837,5,155982,13,1
1193,29,1,126848,0,875441,6,609,20414,0,238716,76,0
1194,54,0,136908,1,1278070,11,707,203127,7,63829,109,1
1195,55,1,36341,0,896387,2,786,193772,5,256075,70,1
1196,44,0,93558,0,160399,13,790,377726,5,41877,29,0
1197,59,1,105020,0,1248021,14,827,335635,4,40408,63,1
1198,42,1,47332,0,1327264,14,841,61538,3,471352,70,0
1199,45,1,83525,0,1155560,9,790,80290,4,158435,69,0
1200,50,0,149736,1,553747,9,473,59312,0,395331,123,1
1201,57,1,26341,1,585637,20,626,429909,6,431458,137,1
1202,44,0,99503,1,1300492,5,488,180129,5,137126,70,1
1203,25,0,48849,0,590617,4,708,41793,2,97486,130,0
1204,47,1,45840,0,575450,1,666,112138,2,399774,55,0
1205,48,1,125963,0,1105505,4,552,383880,1,253235,32,1
1206,45,0,82261,0,1079185,13,717,235660,6,207849,116,1
1207,48,0,96966,0,454465,16,509,130487,4,145199,30,1
1208,49,0,144274,1,440641,14,795,148581,1,302178,76,0
1209,56,1,135117,0,349961,4,451,232167,5,180658,54,1
1210,53,0,103547,0,267725,3,795,260825,6,173101,25,0
1211,43,1,54975,0,1441418,11,730,268985,0,141250,26,1
1212,51,0,44841,0,170524,12,814,77255,4,79640,33,0
1213,38,1,148428,1,421585,10,463,305988,2,327564,71,1
1214,55,1,111747,0,299548,10,552,86617,2,229894,83,1
1215,31,1,142041,0,1403689,14,834,193983,6,11182,16,0
1216,22,1,72122,1,1489435,12,822,3652,7,373937,83,0
1217,27,1,134346,0,956436,4,827,252344,6,221517,36,1
1218,51,0,131437,1,318755,1,606,269908,1,370609,90,0
1219,52,1,88540,0,274801,7,506,355489,6,41524,79,1
1220,36,0,123358,1,419320,14,589,24162,4,422642,17,1
1221,54,1,121519,0,1200458,1,513,484627,7,151393,56,1
1222,44,0,34947,0,1331280,15,739,70080,7,422414,125,1
1223,31,0,96812,0,1280199,11,608,450022,2,436222,15,1
1224,54,1,52311,1,120413,9,532,303785,6,491612,145,1
1225,32,1,32542,1,1033925,17,588,220498,2,431249,76,1
1226,50,0,107533,1,833781,2,572,169713,5,450544,134,1
1227,28,0,70855,1,822190,16,786,46270,1,193895,48,0
1228,50,0,128309,1,260460,18,707,182407,0,131465,9,0
1229,40,1,35710,1,1081651,8,702,112461,5,83436,14,1
1230,37,1,67271,0,735556,9,712,235822,1,260719,121,0
1231,37,1,132473,0,232423,16,700,82919,4,342350,149,0
1232,21,1,79202,0,1459477,8,587,374143,7,383806,9,1
1233,23,0,74015,1,1286558,20,543,472599,3,236989,93,1
1234,35,0,44411,1,1483775,19,704,374259,4,31086,137,1
1235,25,0,47637,1,709224,1,587,464507,0,258902,40,1
1236,21,0,112234,1,1005408,18,476,380692,4,22928,53,1
1237,21,0,125048,0,1438307,3,836,41067,4,216572,148,0
1238,44,0,41600,0,980786,18,592,399032,5,372663,106,1
1239,48,0,144864,1,1116211,10,481,58027,0,442467,17,1
1240,29,0,73090,1,210818,11,575,128149,6,103523,84,1
1241,29,1,51126,1,180402,8,624,177700,4,149730,18,0
1242,34,0,88742,0,1346281,15,619,241033,1,164157,86,1
1243,21,1,146284,1,381304,1,739,187902,0,159666,78,0
1244,53,1,73959,0,672491,9,614,326319,1,433972,59,0
1245,60,1,60940,0,1066485,16,455,190001,7,261936,112,1
1246,30,0,132607,0,1362742,19,632,201882,6,448591,7,1
1247,54,1,81621,0,816586,17,811,439124,6,72586,11,1
1248,30,0,76852,1,308674,2,697,195884,6,231900,66,0
1249,58,1,58180,0,598693,10,542,443421,7,370448,145,1
1250,35,1,85653,1,512800,11,468,253601,4,214858,55,1
1251,55,0,136297,0,1049072,2,772,424653,2,294830,64,1
1252,23,1,87378,0,870936,13,757,239486,0,372965,71,1
1253,33,0,96307,1,1301122,8,609,151062,2,457436,80,0
1254,39,0,126488,0,169740,8,776,370026,6,144367,52,0
1255,56,1,131114,0,1463716,6,601,167553,6,405737,76,0
1256,21,0,93835,0,561795,3,559,51906,1,108564,127,1
1257,37,0,48094,0,798845,13,774,456959,6,95251,5,0
1258,27,1,65729,1,1481061,10,804,99768,5,64597,89,0
1259,58,0,99036,1,1367929,14,827,158566,3,33066,111,0
1260,32,1,31526,1,561098,5,532,83196,4,230518,144,1
1261,36,1,147975,1,688980,12,643,377761,0,380641,37,0
1262,57,0,59165,1,1027528,14,717,317428,3,14938,23,1
1263,53,1,69664,0,324596,10,532,442008,6,100910,86,1
1264,32,0,89744,1,1275005,16,671,129719,4,175522,133,0
1265,38,0,80004,0,1019429,3,637,133021,7,207127,32,0
1266,38,0,129594,1,1344206,6,684,222620,7,158891,128,1
1267,53,1,133562,0,1158289,19,699,408241,2,362520,91,1
1268,44,1,129689,1,1096991,4,747,207886,4,258473,79,1
1269,22,1,110462,1,807662,11,633,130707,0,421691,92,0
1270,53,1,64106,0,1288908,7,819,163165,4,320109,35,0
1271,58,0,37512,0,1255311,19,549,253821,6,236094,33,1
1272,33,1,138901,0,781345,5,516,167022,3,493055,10,1
1273,34,0,27290,1,1272238,18,819,153009,7,300260,52,1
1274,39,0,42884,0,389377,19,808,110380,2,483964,125,0
1275,31,1,88333,1,1393262,7,595,407104,0,182603,34,1
1276,31,1,59540,0,357018,7,778,226855,5,401886,45,0
1277,43,1,57903,1,1105792,4,797,326856,0,100990,131,1
1278,55,1,27940,1,1262733,12,545,309957,0,325057,14,1
1279,60,1,112934,1,1213002,6,669,222095,6,130337,80,1
1280,57,1,120212,0,1049825,19,695,372172,0,296072,145,1
1281,47,1,127122,1,1339833,12,786,257870,0,175666,6,1
1282,27,0,91975,1,1233111,19,662,427105,6,243432,41,1
1283,32,0,30643,1,610179,20,850,162713,6,222997,7,0
1284,30,1,61131,0,776514,2,515,90467,7,264749,26,1
1285,58,1,49576,1,712590,14,802,49302,3,60589,131,0
1286,30,0,117326,1,514174,18,764,252170,1,264649,150,0
1287,54,1,79581,1,508717,14,597,315066,7,261244,83,1
1288,44,1,72548,0,1325961,10,812,199996,6,187876,39,0
1289,29,1,141989,1,898121,16,468,260295,4,98991,25,1
1290,48,1,82420,0,1370716,20,822,86777,1,227890,127,0
1291,54,0,67907,1,787706,16,762,123585,3,473194,63,0
1292,33,1,44221,1,653034,6,703,177142,3,60812,101,0
1293,48,0,41353,1,536188,9,550,111222,4,375664,117,1
1294,45,1,128221,0,1012705,14,832,149654,1,79331,13,0
1295,53,0,51191,1,282749,1,741,402266,6,52287,71,0
1296,58,0,58578,0,688392,20,843,479564,0,84573,63,0
1297,46,1,92513,1,891201,7,497,498338,2,191406,137,1
1298,59,0,48641,1,294539,14,807,2743,5,149386,69,0
1299,37,0,100551,1,415438,15,715,194335,0,151687,25,0
1300,57,1,31832,0,472090,17,604,432897,1,10086,58,1
1301,35,0,51554,1,1084370,16,488,400453,2,244674,139,1
1302,35,0,34090,1,1248943,20,502,294078,4,486348,143,1
1303,58,1,57120,0,1061640,9,585,292799,4,355470,17,1
1304,59,0,113118,0,632888,4,617,472414,4,421793,67,0
1305,49,1,147259,1,1320791,13,785,392789,7,492997,148,1
1306,46,0,38671,1,1323003,15,460,52063,3,499809,69,1
1307,49,0,135011,0,864687,10,754,155136,7,177514,16,0
1308,44,1,135742,0,988420,10,630,309381,7,490221,12,1
1309,38,1,42252,1,1410417,15,634,158224,3,37505,102,0
1310,42,1,91351,0,1498443,7,668,315192,3,169927,51,1
1311,36,0,132659,1,1152701,8,826,472464,7,347009,67,1
1312,55,1,147469,0,1493698,12,747,178870,1,393218,63,0
1313,37,1,45146,1,1258232,17,488,110383,7,64845,22,1
1314,33,1,62709,0,872722,8,676,486329,3,27423,33,1
1315,50,0,29012,1,756304,1,679,44665,4,410698,131,0
1316,46,1,27749,0,436254,16,835,293253,4,168588,66,1
1317,30,0,117069,1,994175,10,711,165716,2,143985,93,0
1318,36,0,89933,1,213303,10,632,307012,5,273963,17,0
1319,56,0,102330,1,922630,18,536,8763,4,136872,19,1
1320,35,0,85251,1,151065,9,451,448660,2,345375,89,1
1321,42,0,89583,0,258091,9,686,435876,2,321984,114,0
1322,37,0,80012,1,137429,7,678,127404,5,443640,122,0
1323,27,1,84100,0,371054,14,693,384568,0,453746,137,0
1324,43,1,40552,1,316151,15,519,162511,1,109228,73,1
1325,39,0,68823,1,428357,13,469,248847,3,317712,147,1
1326,58,0,117736,0,223775,11,815,21631,1,320738,67,0
1327,50,0,120370,1,1498982,12,769,359644,4,264757,33,1
1328,41,1,100372,0,1069695,19,728,136517,0,360223,59,0
1329,36,1,95827,0,731799,4,752,332611,7,224503,55,0
1330,50,1,46049,0,1470909,2,719,468126,1,499900,141,1
1331,29,1,135345,1,527205,20,563,491637,3,245833,129,1
1332,57,0,75135,1,832123,14,819,281825,4,443130,122,1
1333,41,0,139882,0,797011,14,452,239776,2,218922,12,1
1334,55,0,116938,0,1185580,18,587,95577,7,48678,41,1
1335,46,0,92047,1,1131869,9,616,210772,1,448351,68,1
1336,43,1,49460,1,158417,4,527,280948,3,141287,79,1
1337,35,1,87728,0,319728,12,720,463903,0,28012,93,0
1338,44,0,63447,0,825835,5,843,33502,5,218261,75,0
1339,35,1,136419,0,178853,19,475,436255,2,242081,56,1
1340,57,1,81280,1,1116454,13,733,118869,7,226363,15,0
1341,43,1,37895,0,556952,15,648,330054,5,451546,127,1
1342,37,0,109921,1,898647,4,780,65313,2,6288,148,0
1343,45,1,35401,0,695509,3,462,242493,1,22339,9,1
1344,30,1,96585,1,953403,20,750,424418,3,138265,116,1
1345,46,0,64035,0,1055045,15,542,461581,4,430585,81,1
1346,41,1,68454,0,1387715,9,810,199240,2,440613,124,0
1347,22,0,40859,0,933489,16,790,10116,0,339791,66,0
1348,38,0,131369,1,648201,7,774,134194,2,245839,63,0
1349,26,1,120062,1,478587,13,744,447781,7,487966,21,0
1350,26,1,52011,1,78360,10,685,359740,1,216033,29,0
1351,48,0,32541,1,1342485,13,832,408665,2,137970,104,1
1352,44,0,88123,0,1218003,2,844,71319,3,132458,97,0
1353,51,1,110638,1,1128698,15,503,424475,7,152803,95,1
1354,32,0,89280,1,928613,4,764,213730,1,274475,89,1
1355,45,1,43825,0,1474906,5,824,266800,0,29806,111,1
1356,22,1,106907,0,198944,17,596,267138,1,15296,60,1
1357,21,0,105465,0,1145396,7,798,417919,0,261035,104,1
1358,34,0,144194,0,95324,18,515,298893,5,377754,67,1
1359,44,0,58879,1,1410972,12,508,173918,7,364227,95,1
1360,36,1,103525,0,916959,9,559,414536,2,172797,26,1
1361,26,0,45518,0,1227053,15,592,343395,3,440713,10,1
1362,45,0,59986,0,666393,9,555,171610,1,373873,116,1
1363,42,0,28325,1,925254,2,502,263500,7,53560,141,1
1364,43,1,145669,1,1193781,14,822,315578,4,80742,79,1
1365,55,0,36178,1,67946,20,838,152455,1,416361,84,0
1366,38,1,123828,1,1250513,5,520,150523,7,496690,113,1
1367,26,0,91488,0,1025922,2,838,236547,2,211327,59,1
1368,59,0,122036,1,481577,3,695,374712,1,78109,128,0
1369,52,1,38703,0,1043047,13,619,186465,3,206688,68,1
1370,38,1,110164,1,1185725,3,606,112014,3,17531,82,0
1371,41,0,48421,0,164772,19,741,474860,2,384837,25,0
1372,49,0,61663,0,429105,16,805,492095,1,293224,11,0
1373,28,1,98989,0,282704,15,491,129885,1,268650,60,1
1374,45,0,69042,1,804514,13,529,374646,6,234987,102,1
1375,57,0,25888,1,491772,6,473,349911,0,292707,129,1
1376,36,1,59356,1,454217,7,789,15115,6,71847,6,0
1377,33,0,92900,1,1094785,14,746,56038,6,454850,132,0
1378,48,1,111470,0,443237,19,792,311247,0,135170,142,0
1379,60,1,60823,1,1353462,14,787,498507,0,468538,49,1
1380,27,0,35872,1,666202,12,716,164368,0,154910,59,0
1381,37,1,26973,1,303512,6,802,307491,2,251759,84,1
1382,50,1,123932,0,284864,9,565,381356,6,263026,124,1
1383,25,0,88832,1,1217005,18,764,31189,0,5104,21,0
1384,32,0,86570,0,995186,11,559,24350,5,164324,136,1
1385,25,0,80164,1,1459966,13,717,216004,1,355911,134,1
1386,43,0,133103,1,1362631,3,490,353981,3,398276,143,1
1387,56,0,144816,0,839298,12,718,464412,3,464939,39,1
1388,54,0,77589,1,1316140,2,475,480883,1,483620,56,1
1389,43,0,135498,0,1213819,12,611,149257,4,18511,101,0
1390,36,1,61459,0,274469,20,661,197814,6,432989,93,0
1391,51,1,105048,1,833788,9,720,144576,4,444248,90,0
1392,30,0,60251,0,147601,14,526,4393,1,160649,101,1
1393,39,1,34767,1,1070933,10,830,420239,5,340728,134,1
1394,46,1,57381,0,497143,12,476,438090,1,274138,11,1
1395,54,1,116277,0,645447,19,487,223004,4,499615,50,1
1396,48,0,89051,0,1177604,12,620,30290,0,323438,104,0
1397,39,0,26626,0,589162,4,746,187231,7,99094,53,0
1398,29,0,26953,1,302905,11,529,482384,6,311009,96,1
1399,50,1,39487,1,115775,11,630,120663,5,14982,70,0
1400,31,0,42126,1,994233,16,586,79749,2,356463,76,1
1401,43,1,55093,0,1338317,10,795,498458,2,189722,149,1
1402,30,1,106144,0,1118888,2,722,21026,1,168068,119,0
1403,56,0,65679,1,1279460,11,546,300338,3,111287,138,1
1404,59,1,31037,1,99276,19,830,51734,1,396266,33,0
1405,26,0,94916,0,638683,13,588,419515,1,271455,126,1
1406,36,0,109469,0,556834,2,835,42142,1,140600,14,0
1407,34,1,109500,0,126690,9,559,290041,3,432915,43,1
1408,54,0,93382,1,732241,18,689,193861,3,456284,143,0
1409,44,0,126074,1,675121,3,678,96068,5,60159,72,0
1410,60,0,69293,0,1064950,3,503,426364,1,376018,70,1
1411,53,1,123637,1,1291488,16,744,28443,5,257979,148,0
1412,49,1,127298,0,1293185,11,729,423503,7,337371,115,1
1413,27,1,109806,0,1385704,9,799,44462,2,145808,32,0
1414,30,1,97117,0,703814,13,759,636,2,472296,28,0
1415,21,0,81192,0,1261957,5,514,110291,1,315585,100,1
1416,59,1,84590,1,1270433,3,589,208472,0,476951,33,1
1417,29,0,133710,0,1095584,14,725,204594,3,271856,82,1
1418,58,0,148716,0,995697,3,465,253468,7,102200,20,1
1419,21,0,99757,1,852687,18,737,461811,5,202432,80,1
1420,37,0,93287,0,1128163,15,493,495155,1,442467,15,1
1421,47,0,97536,0,267157,14,825,427166,1,308837,5,0
1422,35,0,43984,0,731238,9,621,59877,4,475193,128,0
1423,26,1,138007,1,1264429,1,680,78039,4,379103,121,0
1424,38,1,85535,0,1425680,2,662,136132,3,222495,38,0
1425,43,0,37793,0,945698,8,731,224988,2,263536,13,1
1426,30,0,89251,0,546235,6,725,286002,7,384722,108,0
1427,52,0,122480,1,377899,16,703,441893,1,63605,35,0
1428,50,0,61298,0,1469718,8,743,358537,7,479757,82,1
1429,40,0,114268,1,397025,9,692,151384,5,305977,67,0
1430,25,1,66762,0,994970,5,591,362311,3,487561,71,1
1431,22,0,111705,0,811261,20,666,59509,5,424453,21,0
1432,59,0,58267,1,526531,8,599,322583,4,401891,19,1
1433,24,1,112473,1,114661,16,684,290477,6,38374,53,0
1434,51,1,115075,0,288295,11,642,395626,5,324131,77,0
1435,21,1,129201,1,463189,9,788,49396,6,498904,45,0
1436,42,1,78858,1,995995,2,696,80270,6,204036,26,0
1437,42,0,115537,1,985313,8,716,144646,4,357300,56,0
1438,33,0,141888,0,1020639,4,717,255354,4,16606,139,1
1439,34,1,97020,1,750580,16,530,395746,4,440140,89,1
1440,52,0,53397,0,408265,9,595,425887,1,453703,32,1
1441,49,0,54586,0,827742,13,804,237528,4,234349,53,1
1442,42,0,78983,1,981083,3,707,56319,0,10507,9,0
1443,51,1,48512,1,516768,19,843,70980,2,300239,67,0
1444,55,1,59801,0,477451,7,791,178315,5,292772,132,0
1445,27,0,98065,1,1069107,2,662,2519,1,295981,55,0
1446,38,0,82965,1,1381501,18,680,452314,7,159965,96,1
1447,40,0,99561,0,375968,19,688,76628,2,417177,6,0
1448,35,0,38448,1,404794,12,839,83340,4,405131,95,0
1449,27,1,102807,1,617938,17,792,428371,2,459277,52,0
1450,23,1,116963,1,789859,16,541,351653,7,121662,18,1
1451,21,1,57716,0,1459087,4,813,288981,1,10016,45,1
1452,46,1,113413,0,695184,4,566,459990,4,407277,124,1
1453,29,1,131042,0,1403544,12,585,365504,6,230910,119,1
1454,45,0,61100,0,158015,9,661,384043,5,196681,123,0
1455,43,1,86952,0,914597,13,778,153262,4,73075,113,0
1456,24,1,119218,0,57453,10,816,310307,1,202794,145,0
1457,46,0,34981,0,1196488,17,754,197905,7,37134,130,1
1458,24,0,95189,0,1345164,8,733,370375,5,365454,84,1
1459,41,1,117668,0,713431,2,494,86694,1,498129,55,1
1460,27,1,79067,0,1344798,1,816,180120,2,161877,8,0
1461,31,0,143901,0,825751,7,519,407724,7,147224,46,1
1462,23,1,143538,1,1334393,7,571,330147,7,195976,52,1
1463,37,0,73181,1,1180985,14,809,402578,3,214485,141,1
1464,60,1,75567,1,253320,18,516,389656,2,465160,137,1
1465,42,1,126000,0,1399830,3,820,127299,4,412259,42,0
1466,50,1,44524,1,751474,15,631,440445,1,364986,61,0
1467,36,1,83602,1,517379,11,607,181535,7,248598,121,0
1468,57,0,77224,0,915782,3,849,146791,6,328796,117,0
1469,58,0,31853,1,264882,20,697,468459,3,79779,122,1
1470,26,0,59426,1,1291928,6,574,312072,3,180349,37,1
1471,32,0,45122,0,962641,8,620,140357,3,183437,112,0
1472,38,1,113892,1,891598,15,639,438319,5,322575,77,1
1473,26,1,130028,1,1043928,6,561,346643,4,323759,142,1
1474,36,1,135147,1,997954,10,623,358288,0,280128,13,1
1475,27,0,87123,0,107010,9,565,249865,7,29081,43,1
1476,49,1,105963,0,809120,13,463,396379,3,62608,94,1
1477,51,0,127620,1,521769,12,818,184303,2,496851,57,0
1478,41,1,54957,1,1231868,19,468,338067,0,484126,77,1
1479,45,1,123877,0,1236188,5,825,197018,1,365032,131,0
1480,35,0,118869,1,409684,12,456,98761,6,174142,134,1
1481,44,0,37808,1,1003773,2,706,411955,5,147268,37,1
1482,41,0,115644,1,563315,15,516,82022,2,187630,150,1
1483,49,0,135429,0,882595,4,761,343988,5,103063,27,1
1484,49,0,73686,0,916929,4,793,79598,2,187694,132,0
1485,48,0,121658,1,488927,10,595,254752,2,193238,141,1
1486,30,1,94417,0,878503,7,537,436448,0,71390,55,1
1487,21,1,109111,1,625002,17,563,378224,4,306678,20,1
1488,41,1,91049,0,1001900,11,710,299847,6,493159,17,1
1489,26,0,124905,1,1454797,15,707,217118,4,161310,14,1
1490,45,0,27736,1,130812,18,765,53182,1,492214,134,0
1491,27,0,47366,1,290690,1,500,149600,7,209082,135,1
1492,37,1,142591,0,708344,15,697,355332,3,471483,62,0
1493,23,1,120154,0,601981,3,556,56660,5,237981,67,1
1494,29,1,127510,0,1260389,17,822,134969,1,77569,122,0
1495,44,1,139695,1,1458098,7,735,144286,5,411196,113,0
1496,35,0,94159,0,950046,20,839,224547,7,447087,136,1
1497,42,0,130250,0,819379,16,839,12766,4,7658,144,0
1498,24,1,135112,1,677038,11,602,335791,6,101785,130,0
1499,46,1,48027,0,1168169,1,628,428325,2,283559,7,1
1500,23,0,84440,1,482367,6,591,260644,6,406811,109,1
1501,39,0,25710,0,1448156,10,662,329914,3,228230,60,1
1502,51,1,146651,1,1464189,13,613,69602,1,417274,67,0
1503,52,0,47351,0,267261,10,721,432919,3,51897,52,0
1504,25,0,86076,1,862542,20,592,246615,3,480708,14,1
1505,58,0,41104,0,679039,10,523,127944,7,18121,112,1
1506,59,0,125385,1,153059,20,778,210681,1,247402,122,0
1507,28,1,60250,1,64171,10,562,143251,7,358548,43,1
1508,53,0,41361,0,1249361,4,836,306561,5,168791,12,1
1509,34,0,69743,0,788999,13,488,498309,2,283463,96,1
1510,37,0,46601,1,582375,4,833,388764,6,238556,150,0
1511,51,1,27833,1,1122614,2,534,18985,7,404698,146,1
1512,38,1,84229,1,591093,19,821,182413,4,120957,25,0
1513,42,0,106208,0,960328,8,500,321186,2,237741,142,1
1514,58,1,31106,0,1073629,2,776,63781,7,214374,144,1
1515,56,0,116036,0,770687,11,709,11133,6,230859,18,0
1516,36,1,128807,0,1478520,10,462,53172,6,461564,15,1
1517,49,0,148493,1,271442,1,786,222696,3,209496,116,0
1518,33,1,43323,1,437869,5,467,276419,3,65863,21,1
1519,36,0,75695,1,314007,5,665,2935,3,276201,66,0
1520,55,1,58194,0,136619,15,690,285068,3,384821,11,0
1521,53,1,146737,1,417211,15,485,421053,7,229457,40,1
1522,40,0,91663,1,811630,13,509,395697,1,294095,15,1
1523,47,0,47178,0,452767,4,781,456326,3,301285,72,0
1524,32,0,130680,0,151145,8,596,28216,5,35724,25,1
1525,42,1,107024,1,1146264,10,712,322547,3,433565,47,1
1526,25,0,78333,0,567695,16,593,252728,1,318040,9,1
1527,29,1,149368,1,556997,17,759,212149,6,55650,62,0
1528,21,0,63971,0,789231,4,798,86257,6,200284,104,0
1529,38,1,25099,1,140462,4,800,69354,6,107318,109,0
1530,59,1,49533,0,1184546,17,490,278804,1,349880,111,1
1531,35,0,40397,1,1054353,20,841,258094,6,311677,26,1
1532,38,0,85957,0,961621,1,788,440003,5,209101,13,1
1533,36,0,28433,1,731459,8,579,326800,0,412299,130,1
1534,26,0,81108,1,927236,9,513,407498,2,127413,6,1
1535,22,1,70673,1,531788,17,741,215009,3,112402,37,0
1536,41,0,146971,0,51729,19,589,426176,3,73567,106,1
1537,57,0,49265,0,967194,6,761,441815,5,464740,74,1
1538,34,1,71696,0,988812,3,658,388679,4,147993,29,1
1539,36,0,116801,0,303962,6,492,216408,4,207193,108,1
1540,49,0,59547,0,471913,4,486,217046,3,458073,109,1
1541,52,0,89387,0,1009178,5,489,168569,3,415421,100,1
1542,35,1,83952,0,1083333,3,816,76379,3,117486,79,0
1543,32,0,31150,1,1322213,11,570,73147,1,339134,44,1
1544,52,0,132731,0,671481,19,788,58563,3,330077,61,0
1545,39,1,122037,0,1419498,2,668,395964,6,214379,39,1
1546,49,0,73297,1,112858,1,713,54041,1,291281,140,0
1547,27,0,144795,0,1366615,12,649,16804,3,167076,63,0
1548,60,0,136191,0,89854,7,807,357479,5,243715,96,0
1549,37,0,90185,1,1429050,6,610,90177,3,411831,76,0
1550,25,0,123083,0,1282396,16,765,366244,7,310867,109,1
1551,24,0,126857,1,1361857,6,546,479515,0,60990,63,1
1552,25,0,67650,0,793395,19,627,125576,6,347754,148,0
1553,33,1,117865,0,1192789,14,824,424590,3,306983,36,1
1554,28,0,140742,0,1284772,7,508,381037,1,115130,85,1
1555,26,1,55744,1,664625,6,791,486615,3,86856,84,0
1556,29,0,60094,0,1498770,19,800,347804,5,460895,38,1
1557,25,1,125914,0,319669,10,587,212530,7,403015,53,1
1558,47,0,109458,1,1013070,11,511,378497,2,431478,54,1
1559,24,0,118928,0,1392546,7,583,8651,7,405848,99,1
1560,52,1,70237,1,290732,19,635,221344,6,464311,87,0
1561,41,0,47212,1,785605,17,647,352911,3,353914,106,0
1562,60,0,118282,1,213298,20,508,55553,0,394985,99,1
1563,41,0,74840,0,179303,8,831,94012,1,230302,87,0
1564,52,1,94902,0,1169972,12,736,335073,2,317213,96,1
1565,38,1,56012,1,792704,5,810,17094,1,398654,7,0
1566,31,0,32125,0,1201838,4,702,460429,5,34900,52,1
1567,58,1,134681,0,446174,17,621,16262,4,25042,64,0
1568,50,1,125729,1,819867,3,812,252549,4,296809,20,1
1569,48,0,120441,0,1112690,2,628,395367,6,193897,79,1
1570,52,1,46172,1,1232676,2,500,133706,2,259515,110,1
1571,54,1,111953,1,948145,6,811,216893,3,12620,11,1
1572,55,1,65496,0,565435,3,834,270062,4,366814,145,0
1573,37,0,76789,0,865430,3,596,439241,6,117703,30,1
1574,54,1,27441,0,813500,8,573,119598,5,450466,57,1
1575,48,0,81657,1,266473,10,677,388185,3,319786,60,0
1576,30,0,132052,1,77602,8,785,459707,4,386939,80,0
1577,37,0,51951,0,779073,16,797,427786,0,449673,81,0
1578,53,0,88231,0,819343,17,780,353749,2,458594,76,1
1579,43,1,42953,1,940793,10,498,54689,3,295846,38,1
1580,33,0,45454,0,368167,14,629,306039,3,493638,44,0
1581,36,0,42715,0,531955,20,551,198212,6,137777,147,1
1582,45,0,32763,0,338314,16,719,38817,0,113163,148,0
1583,29,1,93446,0,870524,12,508,395623,6,306074,86,1
1584,26,1,125814,0,980278,5,662,54760,0,132879,48,0
1585,52,0,97593,0,1071599,7,565,3825,7,327143,65,1
1586,21,0,59985,1,1409121,11,552,499466,2,428449,21,1
1587,57,0,66335,1,982156,8,836,214257,7,437691,49,1
1588,46,1,80566,1,615185,6,464,93145,2,362369,62,1
1589,51,1,78130,1,1260900,12,740,295189,6,85801,142,1
1590,55,1,62159,1,1365406,12,743,451016,5,29720,50,1
1591,36,0,86326,1,117232,9,450,98127,6,468136,70,1
1592,59,0,62182,1,1453337,12,605,238813,6,295216,59,1
1593,49,1,134479,0,1350302,12,832,382016,4,482801,55,1
1594,31,0,146782,1,1116591,17,604,480339,5,163154,72,1
1595,30,0,29460,0,876325,8,547,105638,2,367445,97,1
1596,25,1,114103,0,826991,11,667,427571,4,17069,83,1
1597,51,0,126483,1,1276826,1,505,401870,0,377849,99,1
1598,51,0,108670,0,1287668,16,623,298069,1,68061,52,1
1599,46,0,45226,1,395575,4,469,13618,1,22356,106,1
1600,54,0,58124,0,1317171,5,735,153388,3,14913,46,0
1601,52,0,141094,0,727115,18,661,392108,7,171047,148,0
1602,35,0,138719,0,455704,8,715,26116,7,40874,24,0
1603,39,0,82288,0,619663,17,452,462701,0,463395,28,1
1604,43,0,26108,0,589648,17,629,262565,4,275087,34,1
1605,57,0,70233,1,1255121,5,812,327777,7,473899,133,1
1606,45,0,58123,0,504698,16,717,276102,3,58916,118,0
1607,39,1,115822,0,1198549,10,619,301107,3,60763,97,1
1608,60,0,81145,0,1474054,3,668,387962,1,380711,133,1
1609,40,0,144303,0,1170934,5,694,386109,6,406246,74,1
1610,41,1,121944,0,676400,16,587,64394,2,416073,19,1
1611,42,1,94185,1,586594,11,525,462359,5,171099,150,1
1612,29,1,86490,0,596348,9,830,117143,4,481320,28,0
1613,43,1,41001,1,832329,5,728,316918,4,24673,117,1
1614,49,1,64964,0,1478675,1,634,321705,2,188796,108,1
1615,60,0,82656,1,1048586,1,561,491704,0,28451,48,1
1616,26,0,130040,0,1482906,6,518,146509,6,316780,58,1
1617,38,1,66576,1,1064721,7,452,274251,5,23684,119,1
1618,39,0,49892,1,1018087,20,848,332106,7,235520,67,1
1619,27,1,127454,1,1438900,9,499,210669,7,234574,11,1
1620,25,1,38338,0,278215,3,725,431043,4,92109,129,1
1621,32,0,97178,1,966484,7,629,453619,2,453791,146,1
1622,30,1,37879,0,1042886,17,647,318301,4,63231,106,1
1623,45,0,126183,1,300596,9,634,112143,5,244023,129,0
1624,21,0,145049,1,592172,15,648,6409,3,80751,46,0
1625,34,1,25627,0,1024755,14,600,423541,5,252447,134,1
1626,31,0,82216,0,329598,16,461,471274,4,317495,16,1
1627,41,1,86130,0,495706,20,847,83525,3,486570,147,0
1628,26,1,51834,0,1339549,9,820,464899,6,243514,104,1
1629,47,0,114418,1,506789,8,611,399748,0,111949,112,0
1630,46,1,92716,0,475211,1,665,230368,4,185661,83,0
1631,49,0,48707,1,1210166,3,722,352149,2,245452,19,1
1632,43,1,100932,0,768334,1,776,109832,4,147073,92,0
1633,26,0,120539,0,226324,19,825,430424,6,416150,75,0
1634,54,0,131189,1,162505,12,826,418052,6,143790,19,0
1635,34,1,68623,1,791625,2,567,325441,7,19537,49,1
1636,42,1,76320,1,1061992,2,470,443637,4,169251,52,1
1637,33,0,126277,1,1041055,14,535,53552,2,375659,107,1
1638,30,0,44116,0,1280945,13,526,156507,2,202604,64,1
1639,58,0,130920,0,119086,19,593,278398,0,56903,13,1
1640,53,0,28597,1,524823,3,722,347224,2,333142,21,1
1641,28,0,83137,1,605691,5,639,454259,6,137544,114,0
1642,21,0,47457,0,937400,9,809,481065,2,157187,103,1
1643,32,1,75338,1,740987,13,729,124396,2,103042,74,0
1644,60,1,44250,0,550398,1,472,418772,7,392802,101,1
1645,37,1,68430,0,950870,2,598,273054,0,353446,24,1
1646,46,0,143283,1,523019,19,799,235234,2,93025,76,0
1647,37,0,129189,1,753444,7,673,300186,7,21623,35,0
1648,39,1,28947,0,326203,17,736,286260,7,195857,134,1
1649,27,0,134210,1,160737,13,509,10239,4,286669,66,1
1650,58,0,143535,0,157042,6,653,409622,6,7223,131,0
1651,23,1,92315,1,1245255,13,778,397484,2,398943,41,1
1652,41,0,61049,1,1379423,7,520,166159,0,325500,109,1
1653,60,0,126894,1,73577,8,820,225150,4,179438,5,0
1654,45,0,75757,0,829689,10,580,363395,4,466288,18,1
1655,26,1,94106,1,1487618,9,643,2253,2,71430,71,0
1656,48,1,25629,1,266275,16,631,72189,0,404318,16,0
1657,33,1,71808,0,185577,14,460,57034,3,228967,127,1
1658,42,1,32571,1,991337,16,465,451372,3,426823,75,1
1659,34,0,99065,0,355039,18,522,153187,3,216813,135,1
1660,53,0,118969,1,540083,12,493,150952,2,130762,30,1
1661,25,0,28420,1,95680,19,660,370598,1,223736,149,1
1662,36,0,77397,0,781603,20,804,125060,7,262130,122,0
1663,52,1,94151,1,681326,11,776,489494,5,49258,132,0
1664,59,0,99361,0,192641,2,809,173227,7,346255,6,0
1665,37,1,29311,1,434717,15,467,240710,4,495164,120,1
1666,36,0,149156,1,855110,14,586,182939,1,272969,78,1
1667,35,0,94896,0,302735,19,800,391309,0,217990,81,0
1668,22,1,134776,0,1381891,16,555,424355,1,106011,73,1
1669,31,1,105907,0,1273462,19,605,114270,0,450159,139,0
1670,22,1,25321,0,1322762,20,638,302731,3,327765,114,1
1671,44,0,50306,1,943527,19,825,269257,1,224704,124,1
1672,50,0,89162,0,446539,1,716,221809,5,324561,69,0
1673,43,0,40103,1,227093,4,753,471546,5,242306,43,0
1674,46,1,134305,0,575511,18,729,221054,1,186392,10,0
1675,33,0,62104,0,101280,1,615,61658,6,70708,86,0
1676,54,1,53711,1,1352757,20,508,272091,0,141285,92,1
1677,57,0,72513,0,947264,9,845,285778,2,305728,43,1
1678,24,0,116823,0,867906,18,500,396505,4,259047,58,1
1679,40,0,49537,1,791363,15,631,278641,5,488607,85,0
1680,32,1,114614,0,100100,18,820,24820,4,212479,148,0
1681,39,0,99557,0,460167,8,700,349315,5,406283,80,0
1682,42,1,134070,1,1298234,19,626,386592,4,200353,49,1
1683,54,1,36325,1,341338,20,659,332985,3,144357,116,1
1684,52,0,101752,0,811216,14,697,400697,5,106394,137,1
1685,59,0,148921,1,568366,8,470,30557,5,163893,77,1
1686,55,1,79197,1,1356059,20,764,407086,3,42679,137,1
1687,33,0,74761,0,1240875,8,505,325113,7,491613,30,1
1688,46,0,133091,1,640668,15,534,251552,7,399492,7,1
1689,54,0,120228,1,1117806,14,472,297886,0,430989,62,1
1690,35,0,123271,0,768764,6,734,375438,2,160134,6,0
1691,27,1,84536,1,123864,4,603,87642,5,49477,12,0
1692,59,1,86996,1,1451868,20,455,138052,5,297878,113,1
1693,21,1,143785,1,1180832,13,706,152455,4,98656,37,0
1694,51,1,60734,1,1136385,20,727,243134,3,57444,25,1
1695,37,0,133179,1,423297,17,564,57695,7,484123,121,1
1696,49,0,90953,1,903314,17,591,342671,3,174300,25,1
1697,44,0,72148,1,207369,12,779,20760,5,464660,147,0
1698,36,0,131694,1,867028,11,655,210263,6,184451,108,1
1699,59,0,62778,0,559724,5,487,391109,3,312732,42,1
1700,35,0,49330,0,1047144,17,626,425068,0,183307,64,1
1701,46,0,136266,1,763972,14,796,62610,7,453010,78,0
1702,60,1,136380,0,710627,5,538,369132,5,498766,53,1
1703,30,1,118973,1,203874,4,713,164474,3,40552,142,0
1704,27,1,84523,0,585668,1,533,405956,6,281144,99,1
1705,39,1,62716,1,945325,6,814,109382,6,326739,96,0
1706,21,0,133366,1,319270,20,497,104021,0,269919,87,1
1707,56,1,72713,1,167964,6,567,277677,0,30449,19,1
1708,56,1,84281,1,1057618,7,550,272406,1,85820,124,1
1709,39,0,55729,0,352997,2,503,239915,5,88521,146,1
1710,52,0,121274,1,85778,20,807,196152,6,36195,23,0
1711,33,1,133563,1,1149747,13,837,425828,0,452278,121,1
1712,50,1,93171,0,881700,6,635,29028,0,387972,122,0
1713,39,1,121864,1,140554,5,574,15445,4,12064,110,1
1714,33,1,42270,1,1385027,8,778,319252,3,284958,22,1
1715,31,1,88560,1,234376,10,729,78067,1,202326,11,0
1716,34,1,130930,1,1217154,15,670,80701,6,445847,92,0
1717,31,1,85794,0,430899,20,642,332185,3,150211,23,0
1718,30,0,121870,1,367476,6,716,104561,7,439673,88,0
1719,52,0,114862,0,978626,5,525,205561,1,152954,27,1
1720,49,0,56764,1,505646,10,829,421635,7,276789,78,0
1721,60,0,100205,0,855793,11,600,118305,5,390415,123,0
1722,27,0,62296,0,709177,11,690,139051,6,418426,53,0
1723,54,1,77462,1,248982,16,818,285274,7,25911,145,0
1724,24,0,104185,0,1407285,20,733,351529,5,352788,79,1
1725,42,0,132578,0,1068319,3,750,389473,4,474522,55,1
1726,38,1,131489,1,431808,3,757,351612,3,214019,148,0
1727,21,0,112089,0,218675,6,784,289212,1,282768,56,0
1728,29,1,42086,0,1356347,9,569,495468,2,265318,99,1
1729,44,0,32339,1,484174,6,735,39921,7,322744,102,0
1730,22,0,105143,0,1159132,3,637,472549,2,435637,76,1
1731,39,1,127832,0,1206988,4,824,188487,6,493639,120,0
1732,45,1,146529,0,1378548,12,640,139500,3,58836,124,0
1733,60,1,81860,0,983501,20,457,311778,6,207377,111,1
1734,51,1,132662,0,188449,14,830,391596,7,113815,44,0
1735,46,1,27970,1,612901,20,747,484929,7,17048,95,1
1736,57,1,85586,1,484849,17,657,120656,6,439347,101,0
1737,21,0,43125,1,579641,9,508,402426,1,214319,61,1
1738,53,0,65210,1,597670,2,832,187461,7,276513,10,0
1739,59,1,40286,1,704703,9,527,257688,4,204320,86,1
1740,43,0,68629,1,670405,20,545,193815,4,139194,23,1
1741,35,0,36216,0,527549,5,544,428221,5,358215,136,1
1742,22,0,36533,1,669237,4,694,3308,5,297259,95,0
1743,28,0,64687,1,237622,6,517,85687,6,374829,7,1
1744,23,1,81829,1,1016481,15,601,30048,5,218448,109,0
1745,33,0,114262,0,578105,3,757,10241,2,467589,113,0
1746,42,1,79810,0,1378490,2,792,9721,1,432282,121,0
1747,56,0,107138,1,331445,16,606,383338,0,259515,141,0
1748,33,1,86639,0,1061223,15,523,310710,6,125069,87,1
1749,45,1,127171,1,106494,13,527,14736,7,374741,127,1
1750,58,0,142028,1,375768,6,583,279755,6,352810,10,1
1751,36,1,30354,0,1361604,18,599,55117,2,89322,117,1
1752,53,1,81243,1,164931,9,843,229561,1,190437,16,0
1753,56,0,100951,0,1218935,20,618,487035,4,128076,29,1
1754,51,1,120791,0,683519,15,652,123528,3,213577,42,0
1755,23,1,66560,0,1230107,1,633,178856,3,214967,79,0
1756,38,0,81085,1,1474229,12,501,80758,2,443881,40,1
1757,28,0,102274,0,785121,9,750,119873,7,292800,121,0
1758,28,1,112613,1,873052,14,792,269782,0,467771,18,1
1759,56,1,122202,0,599277,8,739,146128,7,181720,68,0
1760,52,0,94982,0,1151702,18,750,299626,4,216588,110,1
1761,41,1,119044,1,521961,4,532,460154,5,45777,127,1
1762,38,0,127744,0,1228464,14,691,59629,3,40679,8,0
1763,28,1,61683,0,1136813,6,807,429943,5,111668,91,1
1764,52,0,87095,0,1088359,3,732,277177,0,34236,133,1
1765,48,1,144026,0,1208442,11,773,168351,4,389958,17,0
1766,30,0,104125,0,456979,13,792,25912,7,331046,14,0
1767,44,1,135860,0,159339,15,597,399100,6,377885,56,1
1768,56,0,120585,1,309514,14,544,110712,5,163157,9,1
1769,26,0,138252,1,605690,3,614,452916,5,321035,80,0
1770,23,1,109967,1,1037258,4,473,246136,1,139589,13,1
1771,25,1,141886,1,914688,18,715,250167,3,40978,5,1
1772,51,1,89724,0,202714,2,578,365655,5,386497,45,1
1773,34,1,141250,0,1332266,17,763,188482,6,63235,111,0
1774,48,1,31757,0,53392,15,686,147285,3,300135,130,0
1775,41,1,83057,1,1444646,14,638,157211,5,43280,15,0
1776,48,0,117222,0,1390565,7,826,312049,1,316288,123,1
1777,57,0,44319,1,1000210,15,563,441855,6,380933,138,1
1778,25,0,66520,0,1487445,2,462,182745,5,283668,80,1
1779,36,1,101741,1,499557,7,788,105959,0,441422,6,0
1780,59,0,52471,1,1274505,4,464,168976,7,448059,105,1
1781,29,1,39019,0,778793,3,838,246854,2,297838,22,1
1782,34,0,72451,0,1009163,7,503,78180,5,341127,107,1
1783,58,0,76753,0,1160380,4,781,316247,0,469066,61,1
1784,22,1,101361,0,66004,9,799,109663,5,199950,71,0
1785,25,1,112037,1,136228,8,473,2603,2,231147,20,1
1786,53,0,66741,0,744099,8,725,189677,7,388292,68,0
1787,60,1,52390,1,528516,19,613,3006,2,67326,148,0
1788,45,0,105784,1,149268,5,596,470075,2,235923,78,1
1789,54,1,40129,1,1446470,20,549,439712,4,262441,92,1
1790,40,1,106679,1,783159,20,615,47014,1,61713,86,0
1791,49,1,134945,1,197932,4,544,136078,7,395842,30,1
1792,43,0,59026,1,772661,10,541,385278,0,450409,71,1
1793,36,1,66077,1,1487514,2,453,211905,4,311295,13,1
1794,21,0,105961,0,1227965,3,582,492814,1,480800,76,1
1795,50,1,59411,0,1136388,15,552,245504,0,350114,124,1
1796,32,0,45825,1,1394135,16,594,462406,0,133787,71,1
1797,44,1,128424,1,1335689,16,822,353185,0,334610,10,1
1798,30,1,97130,1,442875,14,632,6390,2,138561,127,0
1799,45,0,145005,1,264962,19,473,92103,4,155096,87,1
1800,25,1,119270,0,1195635,3,716,119995,5,199325,33,0
1801,37,1,98148,0,907705,8,799,298311,0,259185,105,1
1802,46,1,128404,1,239778,10,828,440079,7,167826,141,0
1803,58,0,71961,1,981265,1,526,355729,2,163097,146,1
1804,44,1,147155,0,1219436,4,776,117820,7,58867,15,0
1805,52,0,120123,1,891958,10,537,257921,2,245757,83,1
1806,41,0,100349,0,1455519,15,606,69411,2,154864,100,0
1807,58,0,116975,1,862019,1,633,473198,5,121489,6,1
1808,34,0,34105,1,1498292,16,500,148083,5,104090,109,1
1809,26,0,85831,0,99834,10,803,373185,1,140956,142,0
1810,28,1,123694,1,1420808,10,702,337933,4,443437,123,1
1811,25,0,100718,0,756804,5,523,440084,4,435170,66,1
1812,37,1,120311,0,275424,3,802,454042,7,323157,142,0
1813,46,1,119271,1,135373,8,813,369725,4,20723,16,0
1814,21,1,44766,1,179356,17,523,390116,2,447079,89,1
1815,38,0,56940,1,1164082,1,819,483280,4,246930,123,1
1816,52,1,128531,0,338589,16,483,314015,2,109437,105,1
1817,37,1,70974,0,1013594,1,654,230442,4,205260,93,1
1818,29,1,129871,1,151560,8,492,247163,1,479614,35,1
1819,45,1,101683,0,237444,4,730,84611,0,65080,114,0
1820,58,1,62229,0,497964,18,561,247813,4,199612,112,1
1821,51,1,25259,0,666607,12,632,26705,0,261201,64,0
1822,46,0,26364,0,941403,3,511,60029,2,451126,148,1
1823,35,1,132655,1,1469597,2,691,434206,4,354821,88,1
1824,24,0,68459,1,414752,12,670,462190,2,365559,134,0
1825,48,0,134387,0,439746,15,639,427508,7,458856,40,0
1826,50,1,64948,0,924442,10,773,285396,1,115583,13,1
1827,39,1,52655,0,1062104,16,613,293121,0,51185,29,1
1828,23,0,115658,1,856164,19,620,349621,6,352268,29,1
1829,59,1,140248,0,512215,12,738,324094,3,450381,31,0
1830,23,0,130790,0,383782,3,818,3576,7,108808,36,0
1831,31,1,96823,0,1452972,19,845,272570,4,287327,60,1
1832,46,0,25129,1,1154029,8,568,15855,4,114560,81,1
1833,50,1,145376,0,1223634,13,797,339359,2,457246,143,1
1834,28,1,55976,1,72616,8,748,442403,5,200087,103,0
1835,36,0,85051,0,437941,13,666,222443,0,110628,79,0
1836,43,0,26984,1,324448,9,831,76427,3,418799,51,0
1837,39,1,77277,1,612947,14,771,414412,0,66933,138,0
1838,28,1,48362,0,727075,16,742,415493,6,387738,65,0
1839,44,1,120957,1,65639,17,755,347009,5,70426,98,0
1840,34,1,109049,0,273895,10,519,8987,2,380592,85,1
1841,31,0,33600,0,1353042,7,565,52087,2,41662,20,1
1842,35,0,105951,0,858406,15,462,386582,7,56364,93,1
1843,55,1,33588,0,903332,18,560,372578,2,407096,102,1
1844,53,0,82573,0,945226,4,793,138014,1,266756,147,0
1845,57,0,39472,1,1265818,2,648,214777,1,499984,22,1
1846,25,1,145740,1,419954,9,850,12037,7,483740,77,0
1847,33,1,148428,1,575535,15,715,300350,7,132350,17,0
1848,46,0,62325,0,225820,1,640,74999,1,171482,127,0
1849,42,1,149697,0,418471,7,686,63195,2,192858,140,0
1850,41,1,37010,0,916262,3,706,364785,5,441231,56,1
1851,40,1,100853,0,206333,2,673,437842,6,142411,75,0
1852,55,0,96223,1,884405,4,793,336300,0,368775,70,1
1853,29,0,40029,0,1149521,3,742,155346,7,288799,134,0
1854,30,1,78355,1,1437787,6,698,235730,4,431709,43,1
1855,56,0,145533,0,922564,13,589,403225,0,69421,37,1
1856,41,1,72558,1,838671,15,761,423979,6,21616,99,1
1857,39,0,147534,0,377005,12,615,223967,1,307018,134,0
1858,50,0,69344,1,941830,12,620,426909,6,45211,146,1
1859,28,1,76458,0,379343,11,815,278918,7,486356,135,0
1860,33,0,123459,0,477873,14,454,19578,2,377363,56,1
1861,55,1,44218,1,436579,14,519,148924,6,427091,70,1
1862,47,1,33281,1,1286902,10,525,318772,2,170082,44,1
1863,44,1,129331,0,994545,6,521,47308,4,391257,68,1
1864,42,1,65528,0,457373,7,493,111407,3,213779,135,1
1865,59,0,119068,0,552108,17,604,102042,5,318055,45,0
1866,49,0,138325,1,777342,4,819,455995,4,119443,55,0
1867,57,1,49084,0,387228,18,726,142170,0,355815,103,0
1868,55,0,118463,1,1350389,4,470,192355,2,70240,99,1
1869,31,1,133600,0,487882,9,697,114058,7,497877,88,0
1870,33,1,61010,0,1463297,15,660,77249,2,340367,51,0
1871,49,1,119163,1,976772,16,684,460057,0,372736,12,1
1872,38,0,63897,0,105857,2,596,96775,5,141602,144,1
1873,42,1,73485,0,755457,11,797,301523,4,249654,122,0
1874,58,0,34890,1,719888,11,569,367812,4,479836,125,1
1875,57,0,80004,1,513244,15,600,386859,1,290228,81,0
1876,24,0,71302,1,354516,12,690,378531,3,73323,45,0
1877,27,1,126358,1,182254,10,525,493117,2,446643,80,1
1878,59,0,126652,1,722214,9,517,162836,7,249642,104,1
1879,60,1,115240,0,1413211,4,617,233771,5,238499,51,1
1880,55,1,86405,0,467900,5,748,460951,0,45045,47,0
1881,53,1,86627,1,1236382,9,688,245475,3,354497,47,1
1882,30,1,132116,0,601793,7,799,184892,2,253776,75,0
1883,58,1,137061,0,1279252,16,810,92064,1,236118,142,0
1884,42,0,66546,1,658962,7,842,334155,6,315805,129,0
1885,30,1,124769,0,554278,10,632,357760,3,167211,35,0
1886,59,0,118026,0,368878,11,501,217330,6,303132,20,1
1887,46,1,73055,1,1336953,7,464,471815,6,313520,149,1
1888,57,0,87604,0,570542,6,530,429524,4,318864,22,1
1889,51,1,60066,0,136120,13,500,8035,4,196664,98,1
1890,42,0,120715,0,1130759,10,695,60281,0,330684,107,0
1891,46,1,104382,1,869331,17,686,431288,2,123739,23,1
1892,49,0,51484,0,640772,2,577,57126,7,164012,62,1
1893,34,1,90047,1,213494,3,465,196671,2,208247,145,1
1894,34,0,89093,1,67358,2,539,469933,6,238231,39,1
1895,49,1,149463,1,1012295,13,815,386422,7,92069,100,1
1896,46,0,27250,1,293566,5,742,157861,2,168819,141,0
1897,38,1,144815,1,100979,6,504,149634,1,293185,120,1
1898,44,0,72781,1,380316,19,476,404054,6,423821,95,1
1899,49,0,118009,0,1063119,3,557,466107,6,64838,57,1
1900,44,0,106108,0,246259,1,565,154515,6,269260,140,1
1901,30,1,118704,1,1487319,4,616,363358,2,498907,20,1
1902,37,1,62551,0,330205,2,539,373264,1,179470,15,1
1903,43,0,139019,0,913991,6,546,314542,4,71767,147,1
1904,59,1,108916,0,501570,13,642,236968,3,86680,94,0
1905,52,0,37344,0,1109673,18,589,120042,5,346608,25,1
1906,27,1,72530,1,656007,1,471,164391,2,392321,130,1
1907,28,1,62124,1,251300,11,733,68480,4,245306,90,0
1908,21,1,77753,1,1090880,17,603,268784,6,31540,133,1
1909,30,0,99123,0,873881,14,600,19501,5,37290,123,0
1910,22,0,101740,0,567499,18,707,345925,5,67119,56,0
1911,37,0,74609,0,604343,14,475,159873,6,480219,122,1
1912,51,0,117588,1,74907,4,486,477721,2,223759,94,1
1913,23,1,141317,1,450997,6,474,277790,1,283293,123,1
1914,51,0,81856,0,1281868,6,598,122607,3,215133,45,1
1915,50,0,141913,1,1330252,9,493,224551,4,88021,6,1
1916,21,1,75453,1,1221894,14,795,301911,5,6084,91,1
1917,39,0,114476,0,1201539,4,790,154615,0,287298,31,0
1918,26,1,111993,1,1397124,10,748,187293,2,412913,118,0
1919,59,0,46859,1,182199,19,575,203213,0,222224,18,1
1920,40,1,62674,0,1174085,9,638,402281,2,306685,47,1
1921,36,1,116438,0,1147543,12,492,85431,3,134395,105,1
1922,34,1,123664,0,457082,16,638,355434,5,454534,49,0
1923,23,1,95622,1,626006,14,620,34140,7,49800,143,0
1924,36,0,77312,1,1392550,19,763,318279,0,51407,7,1
1925,46,1,96125,1,989574,1,546,175595,1,385061,143,1
1926,55,0,53869,1,1223332,15,529,39180,7,313421,80,1
1927,41,0,131343,0,1170044,17,580,436213,0,258598,14,1
1928,23,0,109299,1,365280,2,701,272193,3,314002,41,0
1929,31,0,97903,1,1433858,20,734,280054,6,156368,26,1
1930,38,0,44293,0,302919,2,683,119423,6,311896,90,0
1931,56,1,57747,0,552743,2,489,44699,6,378938,42,1
1932,37,0,72267,0,1231189,6,537,224919,6,56036,111,1
1933,51,1,100075,1,328912,19,490,223046,0,326449,121,1
1934,29,1,137601,0,813595,11,496,175945,2,412785,42,1
1935,21,0,30434,0,181488,11,690,412430,1,103032,63,1
1936,55,1,134019,0,131115,15,727,248431,2,87030,111,0
1937,38,0,69883,0,473806,4,850,462728,2,389265,70,0
1938,57,0,127623,1,438125,15,693,396585,5,250111,128,0
1939,31,1,85277,1,845123,4,822,278266,1,325365,135,1
1940,42,1,115218,1,1498804,10,517,86870,1,393603,102,1
1941,33,1,106431,1,955472,13,620,381729,5,146048,43,1
1942,46,1,37137,1,629260,13,592,284983,2,275410,131,1
1943,41,1,117525,0,482943,11,714,470129,6,76729,100,0
1944,22,1,43171,0,953008,12,570,332724,4,412835,91,1
1945,58,0,113230,0,1232808,20,780,66002,5,5786,61,0
1946,42,0,120016,1,380726,4,755,86628,6,331438,29,0
1947,28,1,133694,0,1200082,19,457,318286,7,304636,78,1
1948,24,0,39609,0,561789,18,588,307325,0,391909,131,1
1949,37,0,56056,1,392736,6,675,427021,5,384726,29,0
1950,25,0,131563,1,787462,8,814,399419,1,350266,64,0
1951,26,1,85325,1,1339924,15,618,480521,2,422313,92,1
1952,21,0,82490,0,93222,18,737,331528,2,194215,100,0
1953,34,1,72860,1,490145,17,457,438840,4,265354,26,1
1954,46,0,63898,1,731839,16,813,487695,4,104232,105,0
1955,59,1,118701,1,1153635,18,463,127620,4,33054,66,1
1956,45,1,70766,1,1195001,19,453,297350,2,253478,115,1
1957,37,1,93662,0,942649,8,543,13276,2,127483,47,1
1958,35,1,63323,0,661899,20,489,360005,7,292749,80,1
1959,52,0,82008,1,562873,5,624,171591,2,247674,26,0
1960,43,1,144221,1,1463697,9,460,75992,6,452396,88,1
1961,42,1,96665,1,325560,11,463,122877,2,302671,30,1
1962,49,0,139188,0,86776,19,786,281520,1,115207,102,0
1963,60,0,144197,0,1283231,9,577,10201,7,325862,21,1
1964,38,0,47175,1,152869,11,735,107935,6,417236,102,0
1965,52,1,143462,0,1314289,4,455,260551,4,442497,5,1
1966,45,0,119590,0,1188812,9,549,446630,6,496863,5,1
1967,31,1,62244,1,198334,18,749,495179,0,364516,117,0
1968,60,1,89062,0,762391,1,757,473439,1,97837,122,0
1969,44,0,148469,0,168466,2,647,332542,0,355909,37,0
1970,37,0,123725,0,312850,10,828,208231,5,263321,11,0
1971,54,1,82975,1,533704,7,661,41295,6,109274,136,0
1972,43,1,28281,1,584374,5,607,456379,1,161412,39,1
1973,40,1,113322,1,332948,3,613,461136,0,264695,121,0
1974,33,1,135892,1,413134,2,827,263691,7,332833,17,0
1975,23,0,44975,1,853567,6,513,114290,3,356270,148,1
1976,39,0,82243,0,776969,13,506,368191,6,179007,104,1
1977,47,1,112579,1,747526,4,478,405092,4,414595,77,1
1978,54,1,101249,0,270339,8,832,27879,0,190775,95,0
1979,51,0,132526,1,122197,3,609,365912,7,481083,57,0
1980,46,0,123888,0,336397,15,753,349368,7,489791,97,0
1981,58,0,118390,0,1199864,11,745,310823,2,244574,19,1
1982,48,0,147239,0,1354871,19,821,174097,4,476774,121,0
1983,56,0,66432,1,778911,10,707,86809,6,427641,124,0
1984,24,1,60975,0,468211,20,846,296509,2,497128,13,0
1985,55,0,110452,1,205048,8,475,446674,4,362598,51,1
1986,22,1,96386,0,765632,10,689,206018,7,162650,107,0
1987,23,1,129429,1,602197,3,845,12940,5,406922,113,0
1988,34,0,133383,0,1171150,12,577,318568,6,57893,84,1
1989,44,1,133940,0,1143987,11,452,41364,1,76652,15,1
1990,47,1,86156,0,327462,1,522,92919,2,495883,116,1
1991,39,0,54082,1,692640,10,570,360911,0,101901,50,1
1992,37,1,45875,1,721792,7,830,411706,7,497019,7,0
1993,32,0,84113,1,771458,19,679,438385,5,118584,125,0
1994,54,1,108016,0,456416,12,581,366893,4,57681,33,1
1995,57,0,82923,1,214814,19,722,234684,6,487524,69,0
1996,58,0,42532,0,1107331,19,538,495953,7,144075,131,1
1997,35,0,144188,0,140713,11,622,342303,2,329934,94,0
1998,47,1,98250,0,1383483,5,721,123817,0,189141,134,0
1999,60,1,126730,0,143104,4,806,352345,6,313091,141,0
2000,26,1,87258,1,376404,8,798,281310,3,490131,112,0
